angle_rad,angle_deg,wave_pdf,wave_cdf
-1.56206968053493,-89.5,0,0
-1.54461638801498,-88.5,0,0
-1.52716309549504,-87.5,0,0
-1.5097098029751,-86.5,0,0
-1.49225651045515,-85.5,0,0
-1.47480321793521,-84.5,0,0
-1.45734992541527,-83.5,0,0
-1.43989663289532,-82.5,4.14158502553675e-07,4.14158502553675e-07
-1.42244334037538,-81.5,1.24575783098201e-07,5.38734285651876e-07
-1.40499004785544,-80.5,8.36827093664361e-08,6.22416995018312e-07
-1.38753675533549,-79.5,0,6.22416995018312e-07
-1.37008346281555,-78.5,7.95095330069807e-08,7.01926528025293e-07
-1.35263017029561,-77.5,1.46128325393656e-07,8.48054853418949e-07
-1.33517687777566,-76.5,4.09456271080152e-06,4.94261756422047e-06
-1.31772358525572,-75.5,4.42322883029429e-06,9.36584639451476e-06
-1.30027029273578,-74.5,5.74522686119363e-06,1.51110732557084e-05
-1.28281700021583,-73.5,7.82309501410089e-06,2.29341682698093e-05
-1.26536370769589,-72.5,2.21001126040164e-05,4.50342808738257e-05
-1.24791041517595,-71.5,3.20295879360816e-05,7.70638688099073e-05
-1.230457122656,-70.5,5.03956715208313e-05,0.000127459540330739
-1.21300383013606,-69.5,6.09909588395377e-05,0.000188450499170276
-1.19555053761612,-68.5,0.00011323050189501,0.000301681001065286
-1.17809724509617,-67.5,0.000129313413469601,0.000430994414534887
-1.16064395257623,-66.5,0.000191239128819016,0.000622233543353903
-1.14319066005629,-65.5,0.000260604159607085,0.000882837702960988
-1.12573736753634,-64.5,0.000281869954850512,0.0011647076578115
-1.1082840750164,-63.5,0.000337635959055786,0.00150234361686729
-1.09083078249646,-62.5,0.000442440060702553,0.00194478367756984
-1.07337748997651,-61.5,0.000569338322434486,0.00251412200000432
-1.05592419745657,-60.5,0.000629688831663362,0.00314381083166769
-1.03847090493663,-59.5,0.000723737718850332,0.00386754855051802
-1.02101761241668,-58.5,0.000805741456800787,0.00467329000731881
-1.00356431989674,-57.5,0.000978894741935457,0.00565218474925426
-0.986111027376796,-56.5,0.00112729759579606,0.00677948234505032
-0.968657734856853,-55.5,0.00136191716571301,0.00814139951076333
-0.95120444233691,-54.5,0.00167531786340466,0.00981671737416799
-0.933751149816966,-53.5,0.0017820263787397,0.0115987437529077
-0.916297857297023,-52.5,0.00204724617585489,0.0136459899287626
-0.89884456477708,-51.5,0.00218136438065469,0.0158273543094173
-0.881391272257136,-50.5,0.00265525389346462,0.0184826082028819
-0.863937979737193,-49.5,0.00302595096345308,0.021508559166335
-0.84648468721725,-48.5,0.00336514287640131,0.0248737020427363
-0.829031394697307,-47.5,0.00356000624103211,0.0284337082837684
-0.811578102177363,-46.5,0.00405047471872928,0.0324841830024977
-0.79412480965742,-45.5,0.00434615781279859,0.0368303408152963
-0.776671517137477,-44.5,0.00486228519056175,0.041692626005858
-0.759218224617533,-43.5,0.00480552641794964,0.0464981524238076
-0.74176493209759,-42.5,0.00519848360273452,0.0516966360265422
-0.724311639577647,-41.5,0.0059652441809935,0.0576618802075357
-0.706858347057703,-40.5,0.00579693673472189,0.0634588169422576
-0.68940505453776,-39.5,0.00621848701308962,0.0696773039553472
-0.671951762017817,-38.5,0.00646895568666103,0.0761462596420082
-0.654498469497874,-37.5,0.00723303655919517,0.0833792962012034
-0.63704517697793,-36.5,0.00760077131536609,0.0909800675165695
-0.619591884457987,-35.5,0.00792203876094248,0.0989021062775119
-0.602138591938044,-34.5,0.00860199848292765,0.10750410476044
-0.5846852994181,-33.5,0.008792649622527,0.116296754382967
-0.567232006898157,-32.5,0.00940337347612397,0.125700127859091
-0.549778714378214,-31.5,0.00996694600643926,0.13566707386553
-0.53232542185827,-30.5,0.0105353923779059,0.146202466243436
-0.514872129338327,-29.5,0.0114018080273055,0.157604274270741
-0.497418836818384,-28.5,0.0116831253979244,0.169287399668666
-0.479965544298441,-27.5,0.0118397745448061,0.181127174213472
-0.462512251778497,-26.5,0.012381221231519,0.193508395444991
-0.445058959258554,-25.5,0.0123184273850012,0.205826822829992
-0.427605666738611,-24.5,0.013127552180213,0.218954375010205
-0.410152374218667,-23.5,0.0137120653271885,0.232666440337394
-0.392699081698724,-22.5,0.013985180478525,0.246651620815918
-0.375245789178781,-21.5,0.0140981804669421,0.260749801282861
-0.357792496658838,-20.5,0.015013271690504,0.275763072973365
-0.340339204138894,-19.5,0.0162538534022777,0.292016926375642
-0.322885911618951,-18.5,0.0165885564572401,0.308605482832882
-0.305432619099008,-17.5,0.0167310615035993,0.325336544336482
-0.287979326579064,-16.5,0.017413897836614,0.342750442173096
-0.270526034059121,-15.5,0.0177673561148897,0.360517798287985
-0.253072741539178,-14.5,0.0194361299557083,0.379953928243694
-0.235619449019234,-13.5,0.0193973870884733,0.399351315332167
-0.218166156499291,-12.5,0.0201757150869697,0.419527030419137
-0.200712863979348,-11.5,0.0202906138296464,0.439817644248783
-0.183259571459405,-10.5,0.0206488967411032,0.460466540989886
-0.165806278939461,-9.5,0.0199101331039068,0.480376674093793
-0.148352986419518,-8.5,0.0199530851957907,0.500329759289584
-0.130899693899575,-7.5,0.0196507491490191,0.519980508438603
-0.113446401379631,-6.5,0.0183951623077776,0.53837567074638
-0.0959931088596881,-5.5,0.0186324440954717,0.557008114841852
-0.0785398163397448,-4.5,0.0176251715988656,0.574633286440718
-0.0610865238198015,-3.5,0.0170525302498681,0.591685816690586
-0.0436332312998582,-2.5,0.0167342376878352,0.608420054378421
-0.0261799387799149,-1.5,0.0157929384745024,0.624212992852924
-0.00872664625997165,-0.5,0.0153234689331494,0.639536461786073
0.00872664625997165,0.5,0.0148310154947562,0.654367477280829
0.0261799387799149,1.5,0.0143236901288453,0.668691167409674
0.0436332312998582,2.5,0.0136757525142901,0.682366919923965
0.0610865238198015,3.5,0.0127670084517099,0.695133928375674
0.0785398163397448,4.5,0.0125757901372824,0.707709718512957
0.0959931088596881,5.5,0.0114740960709216,0.719183814583878
0.113446401379631,6.5,0.0114631202893768,0.730646934873255
0.130899693899575,7.5,0.0102961203863838,0.740943055259639
0.148352986419518,8.5,0.00970804065354481,0.750651095913184
0.165806278939461,9.5,0.00887149153397564,0.759522587447159
0.183259571459405,10.5,0.00837683245572017,0.76789941990288
0.200712863979348,11.5,0.007721889579789,0.775621309482669
0.218166156499291,12.5,0.0076156999374382,0.783237009420107
0.235619449019234,13.5,0.00712177443363317,0.79035878385374
0.253072741539178,14.5,0.00675169185718967,0.79711047571093
0.270526034059121,15.5,0.00649633177579639,0.803606807486726
0.287979326579064,16.5,0.00625426554995923,0.809861073036685
0.305432619099008,17.5,0.00608965842132354,0.815950731458009
0.322885911618951,18.5,0.0060597856101295,0.822010517068138
0.340339204138894,19.5,0.00595275442855356,0.827963271496692
0.357792496658838,20.5,0.00562719065274755,0.833590462149439
0.375245789178781,21.5,0.00558370739913194,0.839174169548571
0.392699081698724,22.5,0.00523672872335561,0.844410898271927
0.410152374218667,23.5,0.00537978580371097,0.849790684075638
0.427605666738611,24.5,0.00533391970058876,0.855124603776227
0.445058959258554,25.5,0.00501284254714399,0.860137446323371
0.462512251778497,26.5,0.00508015307354189,0.865217599396913
0.479965544298441,27.5,0.00485466523931454,0.870072264636227
0.497418836818384,28.5,0.0050168711977879,0.875089135834015
0.514872129338327,29.5,0.00495139524807447,0.880040531082089
0.53232542185827,30.5,0.00469826256203883,0.884738793644128
0.549778714378214,31.5,0.00476449382149516,0.889503287465623
0.567232006898157,32.5,0.00458825961348067,0.894091547079104
0.5846852994181,33.5,0.0047400443658908,0.898831591444995
0.602138591938044,34.5,0.00446368867996914,0.903295280124964
0.619591884457987,35.5,0.00428141253999135,0.907576692664955
0.63704517697793,36.5,0.00406280503591588,0.911639497700871
0.654498469497874,37.5,0.00376912746928593,0.915408625170157
0.671951762017817,38.5,0.00369336944230951,0.919101994612467
0.68940505453776,39.5,0.00352733893037986,0.922629333542846
0.706858347057703,40.5,0.00347680032207481,0.926106133864921
0.724311639577647,41.5,0.00358705192331822,0.929693185788239
0.74176493209759,42.5,0.00348218493249873,0.933175370720738
0.759218224617533,43.5,0.00339314144705818,0.936568512167796
0.776671517137477,44.5,0.00329866899152291,0.939867181159319
0.79412480965742,45.5,0.00305934490219105,0.94292652606151
0.811578102177363,46.5,0.00297483345712191,0.945901359518632
0.829031394697307,47.5,0.00303704924741663,0.948938408766049
0.84648468721725,48.5,0.0028872678818659,0.951825676647915
0.863937979737193,49.5,0.00280689927756143,0.954632575925476
0.881391272257136,50.5,0.0028776311645227,0.957510207089999
0.89884456477708,51.5,0.00264785093357541,0.960158058023574
0.916297857297023,52.5,0.00240294008196973,0.962560998105544
0.933751149816966,53.5,0.00227241067920993,0.964833408784754
0.95120444233691,54.5,0.00221065909825662,0.96704406788301
0.968657734856853,55.5,0.00218045951800887,0.969224527401019
0.986111027376796,56.5,0.00209024812266232,0.971314775523682
1.00356431989674,57.5,0.00184293934985675,0.973157714873538
1.02101761241668,58.5,0.0017553817046257,0.974913096578164
1.03847090493663,59.5,0.00161308182989522,0.976526178408059
1.05592419745657,60.5,0.00160343617216252,0.978129614580222
1.07337748997651,61.5,0.00143568549223328,0.979565300072455
1.09083078249646,62.5,0.00144703085246074,0.981012330924916
1.1082840750164,63.5,0.00129895713132716,0.982311288056243
1.12573736753634,64.5,0.00131349011851821,0.983624778174761
1.14319066005629,65.5,0.00127618728311246,0.984900965457874
1.16064395257623,66.5,0.00107681626807967,0.985977781725953
1.17809724509617,67.5,0.00105953917725274,0.987037320903206
1.19555053761612,68.5,0.00106876118134451,0.988106082084551
1.21300383013606,69.5,0.00105379179695859,0.989159873881509
1.230457122656,70.5,0.00100255701245093,0.99016243089396
1.24791041517595,71.5,0.000945552357366128,0.991107983251326
1.26536370769589,72.5,0.000868826521151414,0.991976809772478
1.28281700021583,73.5,0.000833771692757876,0.992810581465236
1.30027029273578,74.5,0.000771111505839029,0.993581692971075
1.31772358525572,75.5,0.000734253268279916,0.994315946239355
1.33517687777566,76.5,0.000659549277524115,0.994975495516879
1.35263017029561,77.5,0.000601412264458194,0.995576907781337
1.37008346281555,78.5,0.000475261918540578,0.996052169699877
1.38753675533549,79.5,0.000493519993216196,0.996545689693094
1.40499004785544,80.5,0.000475524064563884,0.997021213757658
1.42244334037538,81.5,0.000434122506257909,0.997455336263915
1.43989663289532,82.5,0.000392151706037591,0.997847487969953
1.45734992541527,83.5,0.000371647803578634,0.998219135773532
1.47480321793521,84.5,0.000374612552838994,0.998593748326371
1.49225651045515,85.5,0.000312511636606463,0.998906259962977
1.5097098029751,86.5,0.000306117413030314,0.999212377376008
1.52716309549504,87.5,0.000269258242646081,0.999481635618654
1.54461638801498,88.5,0.000271025680015273,0.999752661298669
1.56206968053493,89.5,0.000247338701331261,1
